
DROP SCHEMA `cinemasystem` ;
CREATE SCHEMA `cinemasystem` ;



use `cinemasystem`;
INSERT INTO `theater` VALUES (1,'Tầng hầm B1, tòa nhà Golden West, Số 2 Lê Văn Thiêm','Hà Nội','Thanh Xuân','Nhân Chính','Rạp có vị trí thuận lợi, rất gần những trường đại học, cao đẳng và cấp 3 lớn tại Hà Nội (Trường Đại học Khoa học Tự nhiên, Trường Đại học Khoa học Xã hội và Nhân văn, trường Hà Nội – Amsterdam…) \r\n\r\nLAL Cinemas Thanh Xuân sở hữu tổng cộng 6 phòng chiếu tương đương 838 ghế ngồi. Rạp được trang bị hệ thống màn chiếu, máy chiếu, phòng chiếu hiện đại với 100% nhập khẩu từ nước ngoài. Trong mỗi phòng chiếu đều được lắp đặt hệ thống âm thanh Dolby 7.1 và hệ thống cách âm chuẩn quốc tế. Vì vậy mà mỗi thước phim được chiếu tại rạp đều là những thước phim rõ nét nhất, với âm thanh và hiệu ứng sống động nhất. \r\n\r\nMức giá xem phim tại rạp hết sức ưu đãi, chỉ từ 45.000 VNĐ. Mỗi tuần, rạp còn có những chương trình khuyến mại, ưu đãi đặc biệt dành cho các tín đồ điện ảnh. \r\n\r\nVới địa điểm thuận lợi, cơ sở vật chất hiện đại, tiên tiến, mức giá ưu đãi, Beta Cinemas Thanh Xuân chắc chắn sẽ là địa điểm xem-ăn-chơi không thể bỏ qua của giới trẻ Hà Thành.   ','contact@lalthanhxuan.com','https://res.cloudinary.com/dandjf6ke/image/upload/v1730304829/Image/image_1730304827160.jpg','LAL THANH XUÂN','0824812878',_binary ''),(2,'Tầng hầm B1, tòa nhà Golden Palace','Hà Nội','Nam Từ Liêm','Mễ Trì','Rạp có vị trí thuận lợi, rất gần những trường đại học, cao đẳng và cấp 3 lớn tại Hà Nội. Beta Cinemas Mỹ Đình sở hữu tổng cộng 7 phòng chiếu tương đương hơn 800 ghế ngồi. Rạp được trang bị hệ thống màn chiếu, máy chiếu, phòng chiếu hiện đại theo tiêu chuẩn Hollywood với 100% nhập khẩu từ nước ngoài. Trong mỗi phòng chiếu đều được lắp đặt hệ thống âm thanh Dolby 7.1 và hệ thống cách âm chuẩn quốc tế. Vì vậy mà mỗi thước phim được chiếu tại rạp đều là những thước phim rõ nét nhất, với âm thanh và hiệu ứng sống động nhất. Mức giá xem phim tại rạp hết sức ưu đãi, chỉ từ 45.000 VNĐ. Mỗi tuần, rạp còn có những chương trình khuyến mại, ưu đãi đặc biệt dành cho các tín đồ điện ảnh.\r\n\r\nVới địa điểm thuận lợi, cơ sở vật chất hiện đại, tiên tiến, mức giá ưu đãi, Beta Cinemas Mỹ Đình chắc chắn sẽ là địa điểm xem-ăn-chơi không thể bỏ qua của giới trẻ Hà Thành.  ','contact@lalmydinh.com','https://res.cloudinary.com/dandjf6ke/image/upload/v1730304694/Image/image_1730304692917.jpg','LAL MỸ ĐÌNH','0866154610',_binary ''),(3,'tầng 2 tòa nhà HHA, khu đô thị XPHomes (Tân Tây Đô)','Hà Nội','Đan Phượng','Tân Lập','Nhằm phục vụ nhu cầu vui chơi giải trí của người dân ngoại thành Hà Nội, LAL Cinemas Đan Phượng đã có mặt tại khuôn viên khu đô thị Tân Tây Đô (khu đô thị XPHomes) huyện Đan Phượng.\r\n\r\nNằm trong tòa nhà HHA có kiến trúc hiện đại và đa năng, rạp LAL Cinemas Đan Phương cũng sở hữu thiết kế trẻ trung, năng động rất phù hợp với giới trẻ. Rạp có quy mô 5 phòng chiếu với 477 ghế, trong đó có 1 phòng chiếu 3D.\r\n\r\nKhông thua kém 2 người anh em là Beta Mỹ Đình và Beta Thanh Xuân, LAL Cinemas Đan Phượng cũng sẽ được trang bị màn hình chiếu cong cùng với dàn âm thanh Dolby hiện đại. ','contact@laldanphuong.com','https://res.cloudinary.com/dandjf6ke/image/upload/v1730304853/Image/image_1730304851630.jpg','LAL ĐAN PHƯỢNG','0983901714',_binary ''),(5,'số 645 Quang Trung','Hồ Chí Minh','Gò Vấp','Phường 11','Rạp LAL Cinemas Quang Trung sở hữu 7 phòng chiếu, hơn 1000 ghế ngồi với phong cách kiến trúc trẻ trung năng động, mang đậm âm hưởng Sài Gòn và giá vé chỉ từ 45k.\r\nRạp tọa lạc tại số 645 Quang Trung, Phường 11, Quận Gò Vấp, Thành phố Hồ Chí Minh là điểm đến lý tưởng của giới trẻ Sài Thành bởi không gian siêu đẹp cùng với chất lượng âm thanh ánh sáng siêu đỉnh. Beta Cinemas Quang Trung có vị trí thuận lợi, gần khu vực sinh sống đông dân cư cũng như trung tâm thương mại đầy đủ tiện nghi. Rạp được trang bị hệ thống màn chiếu tiên tiến với máy chiếu kỹ thuật số hiện đại bậc nhất hiện nay theo tiêu chuẩn Hollywood 100% nhập khẩu từ nước ngoài. Mỗi phòng chiếu đều được lắp đặt hệ thống âm thanh Dolby 7.1 và hệ thống cách âm chuẩn quốc tế. Độ sáng và bền màu của máy chiếu laser tại Beta Quang Trung được đánh giá rất cao, sở hữu cường độ sáng lớn và hình ảnh sắc nét. Vì vậy mà mỗi thước phim được chiếu tại rạp đều là những thước phim rõ nét nhất, với âm thanh và hiệu ứng sống động nhất. Mức giá xem phim tại rạp hết sức ưu đãi, chỉ từ 45.000 VNĐ. Mỗi tuần, rạp còn có những chương trình khuyến mại, ưu đãi đặc biệt dành cho các tín đồ điện ảnh, như Đồng giá vé 45k cho Học sinh sinh viên từ thứ 2 đến thứ 6, Thứ 3 Vui Vẻ giá chỉ từ 45k cho mọi người mọi nhà, Giảm thêm 10k khi mua vé kèm combo online... Với địa điểm thuận lợi, cơ sở vật chất hiện đại và mức giá ưu đãi, Beta Cinemas Quang Trung chắc chắn sẽ là địa điểm xem-ăn-chơi không thể bỏ qua của giới trẻ Sài Thành!','contact@lalhochiminh.com','https://res.cloudinary.com/dandjf6ke/image/upload/v1730653821/Image/image_1730653820014.png','LAL HỒ CHÍ MINH','0706075509',_binary ''),(6,'Tầng 2, Trung tâm văn hóa đa năng IMC, 62 đường Trần Quang Khải','Hồ Chí Minh ','Quận 1','Phường Tân Định','Rạp LAL Cinemas Trần Quang Khải sở hữu 5 phòng chiếu, hơn 340 ghế ngồi với phong cách kiến trúc trẻ trung năng động, mang đậm âm hưởng Sài Gòn.\r\n\r\nRạp tọa lạc tại Tầng 2 Trung tâm văn hóa đa năng IMC, số 62 Trần Quang Khải, phường Tân Định, Quận 1, Thành phố Hồ Chí Minh là điểm đến lý tưởng của giới trẻ Sài Thành bởi không gian siêu đẹp cùng với chất lượng âm thanh ánh sáng siêu đỉnh. LAL Cinemas Trần Quang Khải có vị trí thuận lợi, gần khu vực sinh sống đông dân cư cũng như trung tâm thương mại đầy đủ tiện nghi. Rạp được trang bị hệ thống màn chiếu tiên tiến với máy chiếu kỹ thuật số hiện đại bậc nhất hiện nay theo tiêu chuẩn Hollywood 100% nhập khẩu từ nước ngoài. Mỗi phòng chiếu đều được lắp đặt hệ thống âm thanh Dolby 7.1 và hệ thống cách âm chuẩn quốc tế. Độ sáng và bền màu của máy chiếu laser tại Beta Trần Quang Khải được đánh giá rất cao, sở hữu cường độ sáng lớn và hình ảnh sắc nét. Vì vậy mà mỗi thước phim được chiếu tại rạp đều là những thước phim rõ nét nhất, với âm thanh và hiệu ứng sống động nhất.','contact@laltranquangkhai.com','https://res.cloudinary.com/dandjf6ke/image/upload/v1730668380/Image/image_1730668378007.jpg','LAL TRẦN QUANG KHẢI','1900638362',_binary '');

INSERT INTO `cinemasystem`.`type_room` VALUES (1,'2D'),(2,'3D'),(3,'4D'),(4,'IMAX');

INSERT INTO `cinemasystem`.`type_seat` (`name`, `surcharge`) VALUES ('Thường', '0');
INSERT INTO `cinemasystem`.`type_seat` (`name`, `surcharge`) VALUES ('Vip', '10000');
INSERT INTO `cinemasystem`.`type_seat` (`name`, `surcharge`) VALUES ('Ghế đôi', '20000');

INSERT INTO `room` VALUES (1,'Phòng 1',14,10,_binary '\0',1,1),(2,'Phòng 2',12,10,_binary '',1,2),(3,'Phòng 3',10,8,_binary '',1,3),(4,'Phòng 1',16,12,_binary '\0',2,1),(5,'Phòng 1',12,10,_binary '',3,1),(11,'Phòng 2',12,10,_binary '\0',2,2),(12,'Phòng 1',8,8,_binary '',5,1),(13,'Phòng 1',5,5,_binary '\0',6,1),(14,'Phòng 1',5,5,_binary '\0',6,1),(15,'Phòng 1',5,5,_binary '\0',6,1),(16,'Phòng 4',5,5,_binary '\0',6,1),(17,'Phòng 5',5,5,_binary '\0',6,4);

INSERT INTO `seat` VALUES (1,'A01',0,0,_binary '',1,1),(2,'A02',0,1,_binary '',1,1),(3,NULL,0,2,_binary '\0',1,1),(4,NULL,0,3,_binary '\0',1,1),(5,NULL,0,4,_binary '\0',1,1),(6,NULL,0,5,_binary '\0',1,1),(7,NULL,0,6,_binary '\0',1,1),(8,NULL,0,7,_binary '\0',1,1),(9,NULL,0,8,_binary '\0',1,1),(10,NULL,0,9,_binary '\0',1,1),(11,NULL,0,10,_binary '\0',1,1),(12,NULL,0,11,_binary '\0',1,1),(13,NULL,0,12,_binary '\0',1,1),(14,NULL,0,13,_binary '\0',1,1),(15,'B01',1,0,_binary '',1,1),(16,'B02',1,1,_binary '',1,1),(17,'B03',1,2,_binary '',1,1),(18,'B04',1,3,_binary '',1,1),(19,'B05',1,4,_binary '',1,1),(20,'B06',1,5,_binary '',1,1),(21,'B07',1,6,_binary '',1,1),(22,'B08',1,7,_binary '',1,1),(23,'B09',1,8,_binary '',1,1),(24,'B10',1,9,_binary '',1,1),(25,NULL,1,10,_binary '\0',1,1),(26,NULL,1,11,_binary '\0',1,1),(27,'B11',1,12,_binary '',1,3),(28,'B12',1,13,_binary '',1,3),(29,'C01',2,0,_binary '',1,1),(30,'C02',2,1,_binary '',1,1),(31,'C03',2,2,_binary '',1,1),(32,'C04',2,3,_binary '',1,1),(33,'C05',2,4,_binary '',1,1),(34,'C06',2,5,_binary '',1,1),(35,'C07',2,6,_binary '',1,1),(36,'C08',2,7,_binary '',1,1),(37,'C09',2,8,_binary '',1,1),(38,'C10',2,9,_binary '',1,1),(39,NULL,2,10,_binary '\0',1,1),(40,NULL,2,11,_binary '\0',1,1),(41,'C11',2,12,_binary '',1,3),(42,'C12',2,13,_binary '',1,3),(43,'D01',3,0,_binary '',1,1),(44,'D02',3,1,_binary '',1,1),(45,'D03',3,2,_binary '',1,1),(46,'D04',3,3,_binary '',1,1),(47,'D05',3,4,_binary '',1,1),(48,'D06',3,5,_binary '',1,1),(49,'D07',3,6,_binary '',1,1),(50,'D08',3,7,_binary '',1,1),(51,'D09',3,8,_binary '',1,1),(52,'D10',3,9,_binary '',1,1),(53,NULL,3,10,_binary '\0',1,1),(54,NULL,3,11,_binary '\0',1,1),(55,'D11',3,12,_binary '',1,3),(56,'D12',3,13,_binary '',1,3),(57,'E01',4,0,_binary '',1,1),(58,'E02',4,1,_binary '',1,1),(59,'E03',4,2,_binary '',1,1),(60,'E04',4,3,_binary '',1,1),(61,'E05',4,4,_binary '',1,1),(62,'E06',4,5,_binary '',1,1),(63,'E07',4,6,_binary '',1,1),(64,'E08',4,7,_binary '',1,1),(65,'E09',4,8,_binary '',1,1),(66,'E10',4,9,_binary '',1,1),(67,NULL,4,10,_binary '\0',1,1),(68,NULL,4,11,_binary '\0',1,1),(69,'E11',4,12,_binary '',1,3),(70,'E12',4,13,_binary '',1,3),(71,'F01',5,0,_binary '',1,2),(72,'F02',5,1,_binary '',1,2),(73,'F03',5,2,_binary '',1,2),(74,'F04',5,3,_binary '',1,2),(75,'F05',5,4,_binary '',1,2),(76,'F06',5,5,_binary '',1,2),(77,'F07',5,6,_binary '',1,2),(78,'F08',5,7,_binary '',1,2),(79,'F09',5,8,_binary '',1,2),(80,'F10',5,9,_binary '',1,2),(81,NULL,5,10,_binary '\0',1,1),(82,NULL,5,11,_binary '\0',1,1),(83,'F11',5,12,_binary '',1,3),(84,'F12',5,13,_binary '',1,3),(85,'G01',6,0,_binary '',1,2),(86,'G02',6,1,_binary '',1,2),(87,'G03',6,2,_binary '',1,2),(88,'G04',6,3,_binary '',1,2),(89,'G05',6,4,_binary '',1,2),(90,'G06',6,5,_binary '',1,2),(91,'G07',6,6,_binary '',1,2),(92,'G08',6,7,_binary '',1,2),(93,'G09',6,8,_binary '',1,2),(94,'G10',6,9,_binary '',1,2),(95,NULL,6,10,_binary '\0',1,1),(96,NULL,6,11,_binary '\0',1,1),(97,'G11',6,12,_binary '',1,3),(98,'G12',6,13,_binary '',1,3),(99,'H01',7,0,_binary '',1,2),(100,'H02',7,1,_binary '',1,2),(101,'H03',7,2,_binary '',1,2),(102,'H04',7,3,_binary '',1,2),(103,'H05',7,4,_binary '',1,2),(104,'H06',7,5,_binary '',1,2),(105,'H07',7,6,_binary '',1,2),(106,'H08',7,7,_binary '',1,2),(107,'H09',7,8,_binary '',1,2),(108,'H10',7,9,_binary '',1,2),(109,NULL,7,10,_binary '\0',1,1),(110,NULL,7,11,_binary '\0',1,1),(111,'H11',7,12,_binary '',1,3),(112,'H12',7,13,_binary '',1,3),(113,'I01',8,0,_binary '',1,2),(114,'I02',8,1,_binary '',1,2),(115,'I03',8,2,_binary '',1,2),(116,'I04',8,3,_binary '',1,2),(117,'I05',8,4,_binary '',1,2),(118,'I06',8,5,_binary '',1,2),(119,'I07',8,6,_binary '',1,2),(120,'I08',8,7,_binary '',1,2),(121,'I09',8,8,_binary '',1,2),(122,'I10',8,9,_binary '',1,2),(123,NULL,8,10,_binary '\0',1,1),(124,NULL,8,11,_binary '\0',1,1),(125,'I11',8,12,_binary '',1,3),(126,'I12',8,13,_binary '',1,3),(127,'J01',9,0,_binary '',1,2),(128,'J02',9,1,_binary '',1,2),(129,'J03',9,2,_binary '',1,2),(130,'J04',9,3,_binary '',1,2),(131,'J05',9,4,_binary '',1,2),(132,'J06',9,5,_binary '',1,2),(133,'J07',9,6,_binary '',1,2),(134,'J08',9,7,_binary '',1,2),(135,'J09',9,8,_binary '',1,2),(136,'J10',9,9,_binary '',1,2),(137,NULL,9,10,_binary '\0',1,1),(138,NULL,9,11,_binary '\0',1,1),(139,'J11',9,12,_binary '',1,3),(140,'J12',9,13,_binary '',1,3),(141,NULL,0,0,_binary '\0',2,1),(142,'A01',0,1,_binary '',2,1),(143,'A02',0,2,_binary '',2,1),(144,'A03',0,3,_binary '',2,1),(145,'A04',0,4,_binary '',2,1),(146,'A05',0,5,_binary '',2,1),(147,'A06',0,6,_binary '',2,1),(148,'A07',0,7,_binary '',2,1),(149,'A08',0,8,_binary '',2,1),(150,'A09',0,9,_binary '',2,1),(151,'A10',0,10,_binary '',2,1),(152,'A11',0,11,_binary '',2,1),(153,NULL,1,0,_binary '\0',2,1),(154,'B01',1,1,_binary '',2,1),(155,'B02',1,2,_binary '',2,1),(156,'B03',1,3,_binary '',2,1),(157,'B04',1,4,_binary '',2,1),(158,'B05',1,5,_binary '',2,1),(159,'B06',1,6,_binary '',2,1),(160,'B07',1,7,_binary '',2,1),(161,'B08',1,8,_binary '',2,1),(162,'B09',1,9,_binary '',2,1),(163,'B10',1,10,_binary '',2,1),(164,'B11',1,11,_binary '',2,1),(165,NULL,2,0,_binary '\0',2,1),(166,'C01',2,1,_binary '',2,1),(167,'C02',2,2,_binary '',2,1),(168,'C03',2,3,_binary '',2,1),(169,'C04',2,4,_binary '',2,1),(170,'C05',2,5,_binary '',2,1),(171,'C06',2,6,_binary '',2,1),(172,'C07',2,7,_binary '',2,1),(173,'C08',2,8,_binary '',2,1),(174,'C09',2,9,_binary '',2,1),(175,'C10',2,10,_binary '',2,1),(176,'C11',2,11,_binary '',2,1),(177,NULL,3,0,_binary '\0',2,1),(178,'D01',3,1,_binary '',2,1),(179,'D02',3,2,_binary '',2,1),(180,'D03',3,3,_binary '',2,1),(181,'D04',3,4,_binary '',2,1),(182,'D05',3,5,_binary '',2,1),(183,'D06',3,6,_binary '',2,1),(184,'D07',3,7,_binary '',2,1),(185,'D08',3,8,_binary '',2,1),(186,'D09',3,9,_binary '',2,1),(187,'D10',3,10,_binary '',2,1),(188,'D11',3,11,_binary '',2,1),(189,'E01',4,0,_binary '',2,2),(190,'E02',4,1,_binary '',2,2),(191,'E03',4,2,_binary '',2,2),(192,'E04',4,3,_binary '',2,2),(193,'E05',4,4,_binary '',2,2),(194,'E06',4,5,_binary '',2,2),(195,'E07',4,6,_binary '',2,2),(196,'E08',4,7,_binary '',2,2),(197,'E09',4,8,_binary '',2,2),(198,'E10',4,9,_binary '',2,2),(199,'E11',4,10,_binary '',2,2),(200,'E12',4,11,_binary '',2,2),(201,'F01',5,0,_binary '',2,2),(202,'F02',5,1,_binary '',2,2),(203,'F03',5,2,_binary '',2,2),(204,'F04',5,3,_binary '',2,2),(205,'F05',5,4,_binary '',2,2),(206,'F06',5,5,_binary '',2,2),(207,'F07',5,6,_binary '',2,2),(208,'F08',5,7,_binary '',2,2),(209,'F09',5,8,_binary '',2,2),(210,'F10',5,9,_binary '',2,2),(211,'F11',5,10,_binary '',2,2),(212,'F12',5,11,_binary '',2,2),(213,'G01',6,0,_binary '',2,2),(214,'G02',6,1,_binary '',2,2),(215,'G03',6,2,_binary '',2,2),(216,'G04',6,3,_binary '',2,2),(217,'G05',6,4,_binary '',2,2),(218,'G06',6,5,_binary '',2,2),(219,'G07',6,6,_binary '',2,2),(220,'G08',6,7,_binary '',2,2),(221,'G09',6,8,_binary '',2,2),(222,'G10',6,9,_binary '',2,2),(223,'G11',6,10,_binary '',2,2),(224,'G12',6,11,_binary '',2,2),(225,'H01',7,0,_binary '',2,2),(226,'H02',7,1,_binary '',2,2),(227,'H03',7,2,_binary '',2,2),(228,'H04',7,3,_binary '',2,2),(229,'H05',7,4,_binary '',2,2),(230,'H06',7,5,_binary '',2,2),(231,'H07',7,6,_binary '',2,2),(232,'H08',7,7,_binary '',2,2),(233,'H09',7,8,_binary '',2,2),(234,'H10',7,9,_binary '',2,2),(235,'H11',7,10,_binary '',2,2),(236,'H12',7,11,_binary '',2,2),(237,'I01',8,0,_binary '',2,3),(238,'I02',8,1,_binary '',2,3),(239,'I03',8,2,_binary '',2,3),(240,'I04',8,3,_binary '',2,3),(241,'I05',8,4,_binary '',2,3),(242,'I06',8,5,_binary '',2,3),(243,'I07',8,6,_binary '',2,3),(244,'I08',8,7,_binary '',2,3),(245,'I09',8,8,_binary '',2,3),(246,'I10',8,9,_binary '',2,3),(247,'I11',8,10,_binary '',2,3),(248,'I12',8,11,_binary '',2,3),(249,'J01',9,0,_binary '',2,3),(250,'J02',9,1,_binary '',2,3),(251,'J03',9,2,_binary '',2,3),(252,'J04',9,3,_binary '',2,3),(253,'J05',9,4,_binary '',2,3),(254,'J06',9,5,_binary '',2,3),(255,'J07',9,6,_binary '',2,3),(256,'J08',9,7,_binary '',2,3),(257,'J09',9,8,_binary '',2,3),(258,'J10',9,9,_binary '',2,3),(259,'J11',9,10,_binary '',2,3),(260,'J12',9,11,_binary '',2,3),(261,'A01',0,0,_binary '',3,1),(262,'A02',0,1,_binary '',3,1),(263,NULL,0,2,_binary '\0',3,1),(264,NULL,0,3,_binary '\0',3,1),(265,NULL,0,4,_binary '\0',3,1),(266,NULL,0,5,_binary '\0',3,1),(267,NULL,0,6,_binary '\0',3,1),(268,NULL,0,7,_binary '\0',3,1),(269,'A03',0,8,_binary '',3,1),(270,'A04',0,9,_binary '',3,1),(271,'B01',1,0,_binary '',3,1),(272,'B02',1,1,_binary '',3,1),(273,'B03',1,2,_binary '',3,1),(274,'B04',1,3,_binary '',3,1),(275,'B05',1,4,_binary '',3,1),(276,'B06',1,5,_binary '',3,1),(277,'B07',1,6,_binary '',3,1),(278,'B08',1,7,_binary '',3,1),(279,'B09',1,8,_binary '',3,1),(280,'B10',1,9,_binary '',3,1),(281,'C01',2,0,_binary '',3,1),(282,'C02',2,1,_binary '',3,1),(283,'C03',2,2,_binary '',3,1),(284,'C04',2,3,_binary '',3,1),(285,'C05',2,4,_binary '',3,1),(286,'C06',2,5,_binary '',3,1),(287,'C07',2,6,_binary '',3,1),(288,'C08',2,7,_binary '',3,1),(289,'C09',2,8,_binary '',3,1),(290,'C10',2,9,_binary '',3,1),(291,'D01',3,0,_binary '',3,1),(292,'D02',3,1,_binary '',3,1),(293,'D03',3,2,_binary '',3,1),(294,'D04',3,3,_binary '',3,1),(295,'D05',3,4,_binary '',3,1),(296,'D06',3,5,_binary '',3,1),(297,'D07',3,6,_binary '',3,1),(298,'D08',3,7,_binary '',3,1),(299,'D09',3,8,_binary '',3,1),(300,'D10',3,9,_binary '',3,1),(301,'E01',4,0,_binary '',3,2),(302,'E02',4,1,_binary '',3,2),(303,'E03',4,2,_binary '',3,2),(304,'E04',4,3,_binary '',3,2),(305,'E05',4,4,_binary '',3,2),(306,'E06',4,5,_binary '',3,2),(307,'E07',4,6,_binary '',3,2),(308,'E08',4,7,_binary '',3,2),(309,'E09',4,8,_binary '',3,2),(310,'E10',4,9,_binary '',3,2),(311,'F01',5,0,_binary '',3,2),(312,'F02',5,1,_binary '',3,2),(313,'F03',5,2,_binary '',3,2),(314,'F04',5,3,_binary '',3,2),(315,'F05',5,4,_binary '',3,2),(316,'F06',5,5,_binary '',3,2),(317,'F07',5,6,_binary '',3,2),(318,'F08',5,7,_binary '',3,2),(319,'F09',5,8,_binary '',3,2),(320,'F10',5,9,_binary '',3,2),(321,'G01',6,0,_binary '',3,2),(322,'G02',6,1,_binary '',3,2),(323,'G03',6,2,_binary '',3,2),(324,'G04',6,3,_binary '',3,2),(325,'G05',6,4,_binary '',3,2),(326,'G06',6,5,_binary '',3,2),(327,'G07',6,6,_binary '',3,2),(328,'G08',6,7,_binary '',3,2),(329,'G09',6,8,_binary '',3,2),(330,'G10',6,9,_binary '',3,2),(331,'H01',7,0,_binary '',3,2),(332,'H02',7,1,_binary '',3,2),(333,'H03',7,2,_binary '',3,2),(334,'H04',7,3,_binary '',3,2),(335,'H05',7,4,_binary '',3,2),(336,'H06',7,5,_binary '',3,2),(337,'H07',7,6,_binary '',3,2),(338,'H08',7,7,_binary '',3,2),(339,'H09',7,8,_binary '',3,2),(340,'H10',7,9,_binary '',3,2),(341,'A01',0,0,_binary '',5,1),(342,'A02',0,1,_binary '',5,1),(343,'A03',0,2,_binary '',5,1),(344,'A04',0,3,_binary '',5,1),(345,'A05',0,4,_binary '',5,1),(346,'A06',0,5,_binary '',5,1),(347,'A07',0,6,_binary '',5,1),(348,'A08',0,7,_binary '',5,1),(349,'A09',0,8,_binary '',5,1),(350,'A10',0,9,_binary '',5,1),(351,'B01',1,0,_binary '',5,1),(352,'B02',1,1,_binary '',5,1),(353,'B03',1,2,_binary '',5,1),(354,'B04',1,3,_binary '',5,1),(355,'B05',1,4,_binary '',5,1),(356,'B06',1,5,_binary '',5,1),(357,'B07',1,6,_binary '',5,1),(358,'B08',1,7,_binary '',5,1),(359,'B09',1,8,_binary '',5,1),(360,'B10',1,9,_binary '',5,1),(361,'C01',2,0,_binary '',5,1),(362,'C02',2,1,_binary '',5,1),(363,'C03',2,2,_binary '',5,1),(364,'C04',2,3,_binary '',5,1),(365,'C05',2,4,_binary '',5,1),(366,'C06',2,5,_binary '',5,1),(367,'C07',2,6,_binary '',5,1),(368,'C08',2,7,_binary '',5,1),(369,'C09',2,8,_binary '',5,1),(370,'C10',2,9,_binary '',5,1),(371,'D01',3,0,_binary '',5,2),(372,'D02',3,1,_binary '',5,2),(373,'D03',3,2,_binary '',5,2),(374,'D04',3,3,_binary '',5,2),(375,'D05',3,4,_binary '',5,2),(376,'D06',3,5,_binary '',5,2),(377,'D07',3,6,_binary '',5,2),(378,'D08',3,7,_binary '',5,2),(379,'D09',3,8,_binary '',5,2),(380,'D10',3,9,_binary '',5,2),(381,'E01',4,0,_binary '',5,2),(382,'E02',4,1,_binary '',5,2),(383,'E03',4,2,_binary '',5,2),(384,'E04',4,3,_binary '',5,2),(385,'E05',4,4,_binary '',5,2),(386,'E06',4,5,_binary '',5,2),(387,'E07',4,6,_binary '',5,2),(388,'E08',4,7,_binary '',5,2),(389,'E09',4,8,_binary '',5,2),(390,'E10',4,9,_binary '',5,2),(391,'F01',5,0,_binary '',5,2),(392,'F02',5,1,_binary '',5,2),(393,'F03',5,2,_binary '',5,2),(394,'F04',5,3,_binary '',5,2),(395,'F05',5,4,_binary '',5,2),(396,'F06',5,5,_binary '',5,2),(397,'F07',5,6,_binary '',5,2),(398,'F08',5,7,_binary '',5,2),(399,'F09',5,8,_binary '',5,2),(400,'F10',5,9,_binary '',5,2),(401,'G01',6,0,_binary '',5,2),(402,'G02',6,1,_binary '',5,2),(403,'G03',6,2,_binary '',5,2),(404,'G04',6,3,_binary '',5,2),(405,'G05',6,4,_binary '',5,2),(406,'G06',6,5,_binary '',5,2),(407,'G07',6,6,_binary '',5,2),(408,'G08',6,7,_binary '',5,2),(409,'G09',6,8,_binary '',5,2),(410,'G10',6,9,_binary '',5,2),(411,'H01',7,0,_binary '',5,2),(412,'H02',7,1,_binary '',5,2),(413,'H03',7,2,_binary '',5,2),(414,'H04',7,3,_binary '',5,2),(415,'H05',7,4,_binary '',5,2),(416,'H06',7,5,_binary '',5,2),(417,'H07',7,6,_binary '',5,2),(418,'H08',7,7,_binary '',5,2),(419,'H09',7,8,_binary '',5,2),(420,'H10',7,9,_binary '',5,2),(421,NULL,0,0,_binary '\0',4,1),(422,'A01',0,1,_binary '',4,1),(423,'A02',0,2,_binary '',4,1),(424,'A03',0,3,_binary '',4,1),(425,'A04',0,4,_binary '',4,1),(426,'A05',0,5,_binary '',4,1),(427,'A06',0,6,_binary '',4,1),(428,'A07',0,7,_binary '',4,1),(429,'A08',0,8,_binary '',4,1),(430,'A09',0,9,_binary '',4,1),(431,'A10',0,10,_binary '',4,1),(432,'A11',0,11,_binary '',4,1),(433,'A12',0,12,_binary '',4,1),(434,'A13',0,13,_binary '',4,1),(435,'A14',0,14,_binary '',4,1),(436,'A15',0,15,_binary '',4,1),(437,NULL,1,0,_binary '\0',4,1),(438,'B01',1,1,_binary '',4,1),(439,'B02',1,2,_binary '',4,1),(440,'B03',1,3,_binary '',4,1),(441,'B04',1,4,_binary '',4,1),(442,'B05',1,5,_binary '',4,1),(443,'B06',1,6,_binary '',4,1),(444,'B07',1,7,_binary '',4,1),(445,'B08',1,8,_binary '',4,1),(446,'B09',1,9,_binary '',4,1),(447,'B10',1,10,_binary '',4,1),(448,'B11',1,11,_binary '',4,1),(449,'B12',1,12,_binary '',4,1),(450,'B13',1,13,_binary '',4,1),(451,'B14',1,14,_binary '',4,1),(452,'B15',1,15,_binary '',4,1),(453,NULL,2,0,_binary '\0',4,1),(454,'C01',2,1,_binary '',4,1),(455,'C02',2,2,_binary '',4,1),(456,'C03',2,3,_binary '',4,1),(457,'C04',2,4,_binary '',4,1),(458,'C05',2,5,_binary '',4,1),(459,'C06',2,6,_binary '',4,1),(460,'C07',2,7,_binary '',4,1),(461,'C08',2,8,_binary '',4,1),(462,'C09',2,9,_binary '',4,1),(463,'C10',2,10,_binary '',4,1),(464,'C11',2,11,_binary '',4,1),(465,'C12',2,12,_binary '',4,1),(466,'C13',2,13,_binary '',4,1),(467,'C14',2,14,_binary '',4,1),(468,'C15',2,15,_binary '',4,1),(469,NULL,3,0,_binary '\0',4,1),(470,'D01',3,1,_binary '',4,1),(471,'D02',3,2,_binary '',4,1),(472,'D03',3,3,_binary '',4,1),(473,'D04',3,4,_binary '',4,1),(474,'D05',3,5,_binary '',4,1),(475,'D06',3,6,_binary '',4,1),(476,'D07',3,7,_binary '',4,1),(477,'D08',3,8,_binary '',4,1),(478,'D09',3,9,_binary '',4,1),(479,'D10',3,10,_binary '',4,1),(480,'D11',3,11,_binary '',4,1),(481,'D12',3,12,_binary '',4,1),(482,'D13',3,13,_binary '',4,1),(483,'D14',3,14,_binary '',4,1),(484,'D15',3,15,_binary '',4,1),(485,'E01',4,0,_binary '',4,2),(486,'E02',4,1,_binary '',4,2),(487,'E03',4,2,_binary '',4,2),(488,'E04',4,3,_binary '',4,2),(489,'E05',4,4,_binary '',4,2),(490,'E06',4,5,_binary '',4,2),(491,'E07',4,6,_binary '',4,2),(492,'E08',4,7,_binary '',4,2),(493,'E09',4,8,_binary '',4,2),(494,'E10',4,9,_binary '',4,2),(495,'E11',4,10,_binary '',4,2),(496,'E12',4,11,_binary '',4,2),(497,'E13',4,12,_binary '',4,2),(498,'E14',4,13,_binary '',4,2),(499,'E15',4,14,_binary '',4,2),(500,'E16',4,15,_binary '',4,2),(501,'F01',5,0,_binary '',4,2),(502,'F02',5,1,_binary '',4,2),(503,'F03',5,2,_binary '',4,2),(504,'F04',5,3,_binary '',4,2),(505,'F05',5,4,_binary '',4,2),(506,'F06',5,5,_binary '',4,2),(507,'F07',5,6,_binary '',4,2),(508,'F08',5,7,_binary '',4,2),(509,'F09',5,8,_binary '',4,2),(510,'F10',5,9,_binary '',4,2),(511,'F11',5,10,_binary '',4,2),(512,'F12',5,11,_binary '',4,2),(513,'F13',5,12,_binary '',4,2),(514,'F14',5,13,_binary '',4,2),(515,'F15',5,14,_binary '',4,2),(516,'F16',5,15,_binary '',4,2),(517,'G01',6,0,_binary '',4,2),(518,'G02',6,1,_binary '',4,2),(519,'G03',6,2,_binary '',4,2),(520,'G04',6,3,_binary '',4,2),(521,'G05',6,4,_binary '',4,2),(522,'G06',6,5,_binary '',4,2),(523,'G07',6,6,_binary '',4,2),(524,'G08',6,7,_binary '',4,2),(525,'G09',6,8,_binary '',4,2),(526,'G10',6,9,_binary '',4,2),(527,'G11',6,10,_binary '',4,2),(528,'G12',6,11,_binary '',4,2),(529,'G13',6,12,_binary '',4,2),(530,'G14',6,13,_binary '',4,2),(531,'G15',6,14,_binary '',4,2),(532,'G16',6,15,_binary '',4,2),(533,'H01',7,0,_binary '',4,2),(534,'H02',7,1,_binary '',4,2),(535,'H03',7,2,_binary '',4,2),(536,'H04',7,3,_binary '',4,2),(537,'H05',7,4,_binary '',4,2),(538,'H06',7,5,_binary '',4,2),(539,'H07',7,6,_binary '',4,2),(540,'H08',7,7,_binary '',4,2),(541,'H09',7,8,_binary '',4,2),(542,'H10',7,9,_binary '',4,2),(543,'H11',7,10,_binary '',4,2),(544,'H12',7,11,_binary '',4,2),(545,'H13',7,12,_binary '',4,2),(546,'H14',7,13,_binary '',4,2),(547,'H15',7,14,_binary '',4,2),(548,'H16',7,15,_binary '',4,2),(549,'I01',8,0,_binary '',4,2),(550,'I02',8,1,_binary '',4,2),(551,'I03',8,2,_binary '',4,2),(552,'I04',8,3,_binary '',4,2),(553,'I05',8,4,_binary '',4,2),(554,'I06',8,5,_binary '',4,2),(555,'I07',8,6,_binary '',4,2),(556,'I08',8,7,_binary '',4,2),(557,'I09',8,8,_binary '',4,2),(558,'I10',8,9,_binary '',4,2),(559,'I11',8,10,_binary '',4,2),(560,'I12',8,11,_binary '',4,2),(561,'I13',8,12,_binary '',4,2),(562,'I14',8,13,_binary '',4,2),(563,'I15',8,14,_binary '',4,2),(564,'I16',8,15,_binary '',4,2),(565,'J01',9,0,_binary '',4,3),(566,'J02',9,1,_binary '',4,3),(567,'J03',9,2,_binary '',4,3),(568,'J04',9,3,_binary '',4,3),(569,'J05',9,4,_binary '',4,3),(570,'J06',9,5,_binary '',4,3),(571,'J07',9,6,_binary '',4,3),(572,'J08',9,7,_binary '',4,3),(573,'J09',9,8,_binary '',4,3),(574,'J10',9,9,_binary '',4,3),(575,'J11',9,10,_binary '',4,3),(576,'J12',9,11,_binary '',4,3),(577,'J13',9,12,_binary '',4,3),(578,'J14',9,13,_binary '',4,3),(579,'J15',9,14,_binary '',4,3),(580,'J16',9,15,_binary '',4,3),(581,'K01',10,0,_binary '',4,3),(582,'K02',10,1,_binary '',4,3),(583,'K03',10,2,_binary '',4,3),(584,'K04',10,3,_binary '',4,3),(585,'K05',10,4,_binary '',4,3),(586,'K06',10,5,_binary '',4,3),(587,'K07',10,6,_binary '',4,3),(588,'K08',10,7,_binary '',4,3),(589,'K09',10,8,_binary '',4,3),(590,'K10',10,9,_binary '',4,3),(591,'K11',10,10,_binary '',4,3),(592,'K12',10,11,_binary '',4,3),(593,'K13',10,12,_binary '',4,3),(594,'K14',10,13,_binary '',4,3),(595,'K15',10,14,_binary '',4,3),(596,'K16',10,15,_binary '',4,3),(597,'L01',11,0,_binary '',4,3),(598,'L02',11,1,_binary '',4,3),(599,'L03',11,2,_binary '',4,3),(600,'L04',11,3,_binary '',4,3),(601,'L05',11,4,_binary '',4,3),(602,'L06',11,5,_binary '',4,3),(603,'L07',11,6,_binary '',4,3),(604,'L08',11,7,_binary '',4,3),(605,'L09',11,8,_binary '',4,3),(606,'L10',11,9,_binary '',4,3),(607,'L11',11,10,_binary '',4,3),(608,'L12',11,11,_binary '',4,3),(609,'L13',11,12,_binary '',4,3),(610,'L14',11,13,_binary '',4,3),(611,'L15',11,14,_binary '',4,3),(612,'L16',11,15,_binary '',4,3),(925,'A01',0,0,_binary '',11,1),(926,'A02',0,1,_binary '',11,1),(927,'A03',0,2,_binary '',11,1),(928,'A04',0,3,_binary '',11,1),(929,'A05',0,4,_binary '',11,1),(930,'A06',0,5,_binary '',11,1),(931,'A07',0,6,_binary '',11,1),(932,'A08',0,7,_binary '',11,1),(933,'A09',0,8,_binary '',11,1),(934,'A10',0,9,_binary '',11,1),(935,'A11',0,10,_binary '',11,1),(936,NULL,0,11,_binary '\0',11,1),(937,'B01',1,0,_binary '',11,1),(938,'B02',1,1,_binary '',11,1),(939,'B03',1,2,_binary '',11,1),(940,'B04',1,3,_binary '',11,1),(941,'B05',1,4,_binary '',11,1),(942,'B06',1,5,_binary '',11,1),(943,'B07',1,6,_binary '',11,1),(944,'B08',1,7,_binary '',11,1),(945,'B09',1,8,_binary '',11,1),(946,'B10',1,9,_binary '',11,1),(947,'B11',1,10,_binary '',11,1),(948,NULL,1,11,_binary '\0',11,1),(949,'C01',2,0,_binary '',11,1),(950,'C02',2,1,_binary '',11,1),(951,'C03',2,2,_binary '',11,1),(952,'C04',2,3,_binary '',11,1),(953,'C05',2,4,_binary '',11,1),(954,'C06',2,5,_binary '',11,1),(955,'C07',2,6,_binary '',11,1),(956,'C08',2,7,_binary '',11,1),(957,'C09',2,8,_binary '',11,1),(958,'C10',2,9,_binary '',11,1),(959,'C11',2,10,_binary '',11,1),(960,NULL,2,11,_binary '\0',11,1),(961,'D01',3,0,_binary '',11,1),(962,'D02',3,1,_binary '',11,1),(963,'D03',3,2,_binary '',11,1),(964,'D04',3,3,_binary '',11,1),(965,'D05',3,4,_binary '',11,1),(966,'D06',3,5,_binary '',11,1),(967,'D07',3,6,_binary '',11,1),(968,'D08',3,7,_binary '',11,1),(969,'D09',3,8,_binary '',11,1),(970,'D10',3,9,_binary '',11,1),(971,'D11',3,10,_binary '',11,1),(972,NULL,3,11,_binary '\0',11,1),(973,'E01',4,0,_binary '',11,2),(974,'E02',4,1,_binary '',11,2),(975,'E03',4,2,_binary '',11,2),(976,'E04',4,3,_binary '',11,2),(977,'E05',4,4,_binary '',11,2),(978,'E06',4,5,_binary '',11,2),(979,'E07',4,6,_binary '',11,2),(980,'E08',4,7,_binary '',11,2),(981,'E09',4,8,_binary '',11,2),(982,'E10',4,9,_binary '',11,2),(983,'E11',4,10,_binary '',11,2),(984,'E12',4,11,_binary '',11,2),(985,'F01',5,0,_binary '',11,2),(986,'F02',5,1,_binary '',11,2),(987,'F03',5,2,_binary '',11,2),(988,'F04',5,3,_binary '',11,2),(989,'F05',5,4,_binary '',11,2),(990,'F06',5,5,_binary '',11,2),(991,'F07',5,6,_binary '',11,2),(992,'F08',5,7,_binary '',11,2),(993,'F09',5,8,_binary '',11,2),(994,'F10',5,9,_binary '',11,2),(995,'F11',5,10,_binary '',11,2),(996,'F12',5,11,_binary '',11,2),(997,'G01',6,0,_binary '',11,2),(998,'G02',6,1,_binary '',11,2),(999,'G03',6,2,_binary '',11,2),(1000,'G04',6,3,_binary '',11,2),(1001,'G05',6,4,_binary '',11,2),(1002,'G06',6,5,_binary '',11,2),(1003,'G07',6,6,_binary '',11,2),(1004,'G08',6,7,_binary '',11,2),(1005,'G09',6,8,_binary '',11,2),(1006,'G10',6,9,_binary '',11,2),(1007,'G11',6,10,_binary '',11,2),(1008,'G12',6,11,_binary '',11,2),(1009,'H01',7,0,_binary '',11,2),(1010,'H02',7,1,_binary '',11,2),(1011,'H03',7,2,_binary '',11,2),(1012,'H04',7,3,_binary '',11,2),(1013,'H05',7,4,_binary '',11,2),(1014,'H06',7,5,_binary '',11,2),(1015,'H07',7,6,_binary '',11,2),(1016,'H08',7,7,_binary '',11,2),(1017,'H09',7,8,_binary '',11,2),(1018,'H10',7,9,_binary '',11,2),(1019,'H11',7,10,_binary '',11,2),(1020,'H12',7,11,_binary '',11,2),(1021,'I01',8,0,_binary '',11,3),(1022,'I02',8,1,_binary '',11,3),(1023,'I03',8,2,_binary '',11,3),(1024,'I04',8,3,_binary '',11,3),(1025,'I05',8,4,_binary '',11,3),(1026,'I06',8,5,_binary '',11,3),(1027,'I07',8,6,_binary '',11,3),(1028,'I08',8,7,_binary '',11,3),(1029,'I09',8,8,_binary '',11,3),(1030,'I10',8,9,_binary '',11,3),(1031,'I11',8,10,_binary '',11,3),(1032,'I12',8,11,_binary '',11,3),(1033,'J01',9,0,_binary '',11,3),(1034,'J02',9,1,_binary '',11,3),(1035,'J03',9,2,_binary '',11,3),(1036,'J04',9,3,_binary '',11,3),(1037,'J05',9,4,_binary '',11,3),(1038,'J06',9,5,_binary '',11,3),(1039,'J07',9,6,_binary '',11,3),(1040,'J08',9,7,_binary '',11,3),(1041,'J09',9,8,_binary '',11,3),(1042,'J10',9,9,_binary '',11,3),(1043,'J11',9,10,_binary '',11,3),(1044,'J12',9,11,_binary '',11,3),(1045,'A01',0,0,_binary '',12,1),(1046,'A02',0,1,_binary '',12,1),(1047,'A03',0,2,_binary '',12,1),(1048,'A04',0,3,_binary '',12,1),(1049,'A05',0,4,_binary '',12,1),(1053,'B01',1,0,_binary '',12,1),(1054,'B02',1,1,_binary '',12,1),(1055,'B03',1,2,_binary '',12,1),(1056,'B04',1,3,_binary '',12,1),(1057,'B05',1,4,_binary '',12,1),(1061,'C01',2,0,_binary '',12,1),(1062,'C02',2,1,_binary '',12,1),(1063,'C03',2,2,_binary '',12,1),(1064,'C04',2,3,_binary '',12,1),(1065,'C05',2,4,_binary '',12,1),(1069,'D01',3,0,_binary '',12,2),(1070,'D02',3,1,_binary '',12,2),(1071,'D03',3,2,_binary '',12,2),(1072,'D04',3,3,_binary '',12,2),(1073,'D05',3,4,_binary '',12,2),(1077,'E01',4,0,_binary '',12,2),(1078,'E02',4,1,_binary '',12,2),(1079,'E03',4,2,_binary '',12,2),(1080,'E04',4,3,_binary '',12,2),(1081,'E05',4,4,_binary '',12,2),(1165,'A06',0,5,_binary '',12,1),(1166,'A07',0,6,_binary '',12,1),(1167,'A08',0,7,_binary '',12,1),(1170,'B06',1,5,_binary '',12,1),(1171,'B07',1,6,_binary '',12,1),(1172,'B08',1,7,_binary '',12,1),(1175,'C06',2,5,_binary '',12,1),(1176,'C07',2,6,_binary '',12,1),(1177,'C08',2,7,_binary '',12,1),(1180,'D06',3,5,_binary '',12,2),(1181,'D07',3,6,_binary '',12,2),(1182,'D08',3,7,_binary '',12,2),(1185,'E06',4,5,_binary '',12,2),(1186,'E07',4,6,_binary '',12,2),(1187,'E08',4,7,_binary '',12,2),(1190,'F01',5,0,_binary '',12,2),(1191,'F02',5,1,_binary '',12,2),(1192,'F03',5,2,_binary '',12,2),(1193,'F04',5,3,_binary '',12,2),(1194,'F05',5,4,_binary '',12,2),(1195,'F06',5,5,_binary '',12,2),(1196,'F07',5,6,_binary '',12,2),(1197,'F08',5,7,_binary '',12,2),(1200,'G01',6,0,_binary '',12,2),(1201,'G02',6,1,_binary '',12,2),(1202,'G03',6,2,_binary '',12,2),(1203,'G04',6,3,_binary '',12,2),(1204,'G05',6,4,_binary '',12,2),(1205,'G06',6,5,_binary '',12,2),(1206,'G07',6,6,_binary '',12,2),(1207,'G08',6,7,_binary '',12,2),(1210,'H01',7,0,_binary '',12,2),(1211,'H02',7,1,_binary '',12,2),(1212,'H03',7,2,_binary '',12,2),(1213,'H04',7,3,_binary '',12,2),(1214,'H05',7,4,_binary '',12,2),(1215,'H06',7,5,_binary '',12,2),(1216,'H07',7,6,_binary '',12,2),(1217,'H08',7,7,_binary '',12,2),(1240,'A11',0,10,_binary '',5,1),(1241,'A12',0,11,_binary '',5,1),(1242,'B11',1,10,_binary '',5,1),(1243,'B12',1,11,_binary '',5,1),(1244,'C11',2,10,_binary '',5,1),(1245,'C12',2,11,_binary '',5,1),(1246,'D11',3,10,_binary '',5,2),(1247,'D12',3,11,_binary '',5,2),(1248,'E11',4,10,_binary '',5,2),(1249,'E12',4,11,_binary '',5,2),(1250,'F11',5,10,_binary '',5,2),(1251,'F12',5,11,_binary '',5,2),(1252,'G11',6,10,_binary '',5,2),(1253,'G12',6,11,_binary '',5,2),(1254,'H11',7,10,_binary '',5,2),(1255,'H12',7,11,_binary '',5,2),(1256,'I01',8,0,_binary '',5,3),(1257,'I02',8,1,_binary '',5,3),(1258,'I03',8,2,_binary '',5,3),(1259,'I04',8,3,_binary '',5,3),(1260,'I05',8,4,_binary '',5,3),(1261,'I06',8,5,_binary '',5,3),(1262,'I07',8,6,_binary '',5,3),(1263,'I08',8,7,_binary '',5,3),(1264,'I09',8,8,_binary '',5,3),(1265,'I10',8,9,_binary '',5,3),(1266,'I11',8,10,_binary '',5,3),(1267,'I12',8,11,_binary '',5,3),(1268,'J01',9,0,_binary '',5,3),(1269,'J02',9,1,_binary '',5,3),(1270,'J03',9,2,_binary '',5,3),(1271,'J04',9,3,_binary '',5,3),(1272,'J05',9,4,_binary '',5,3),(1273,'J06',9,5,_binary '',5,3),(1274,'J07',9,6,_binary '',5,3),(1275,'J08',9,7,_binary '',5,3),(1276,'J09',9,8,_binary '',5,3),(1277,'J10',9,9,_binary '',5,3),(1278,'J11',9,10,_binary '',5,3),(1279,'J12',9,11,_binary '',5,3),(1355,'A01',0,0,_binary '',13,1),(1356,'A02',0,1,_binary '',13,1),(1357,'A03',0,2,_binary '',13,1),(1358,'A04',0,3,_binary '',13,1),(1359,'A05',0,4,_binary '',13,1),(1360,'B01',1,0,_binary '',13,1),(1361,'B02',1,1,_binary '',13,1),(1362,'B03',1,2,_binary '',13,1),(1363,'B04',1,3,_binary '',13,1),(1364,'B05',1,4,_binary '',13,1),(1365,'C01',2,0,_binary '',13,1),(1366,'C02',2,1,_binary '',13,1),(1367,'C03',2,2,_binary '',13,1),(1368,'C04',2,3,_binary '',13,1),(1369,'C05',2,4,_binary '',13,1),(1370,'D01',3,0,_binary '',13,1),(1371,'D02',3,1,_binary '',13,1),(1372,'D03',3,2,_binary '',13,1),(1373,'D04',3,3,_binary '',13,1),(1374,'D05',3,4,_binary '',13,1),(1375,'E01',4,0,_binary '',13,1),(1376,'E02',4,1,_binary '',13,1),(1377,'E03',4,2,_binary '',13,1),(1378,'E04',4,3,_binary '',13,1),(1379,'E05',4,4,_binary '',13,1),(1405,'A01',0,0,_binary '',17,1),(1406,'A02',0,1,_binary '',17,1),(1407,'A03',0,2,_binary '',17,1),(1408,'A04',0,3,_binary '',17,1),(1409,'A05',0,4,_binary '',17,1),(1410,'B01',1,0,_binary '',17,1),(1411,'B02',1,1,_binary '',17,1),(1412,'B03',1,2,_binary '',17,1),(1413,'B04',1,3,_binary '',17,1),(1414,'B05',1,4,_binary '',17,1),(1415,'C01',2,0,_binary '',17,1),(1416,'C02',2,1,_binary '',17,1),(1417,'C03',2,2,_binary '',17,1),(1418,'C04',2,3,_binary '',17,1),(1419,'C05',2,4,_binary '',17,1),(1420,'D01',3,0,_binary '',17,1),(1421,'D02',3,1,_binary '',17,1),(1422,'D03',3,2,_binary '',17,1),(1423,'D04',3,3,_binary '',17,1),(1424,'D05',3,4,_binary '',17,1),(1425,'E01',4,0,_binary '',17,1),(1426,'E02',4,1,_binary '',17,1),(1427,'E03',4,2,_binary '',17,1),(1428,'E04',4,3,_binary '',17,1),(1429,'E05',4,4,_binary '',17,1);





INSERT INTO `cast` VALUES (1,'Leonardo DiCaprio'),(2,'Natalie Portman'),(3,'Brad Pitt'),(4,'Meryl Streep'),(5,'Robert Downey Jr.'),(6,'Scarlett Johansson'),(7,'Tom Hanks'),(8,'Jennifer Lawrence'),(9,'Denzel Washington'),(10,'Emma Stone');

INSERT INTO `director` VALUES (1,'Christopher Nolan'),(2,'Martin Scorsese'),(3,'Steven Spielberg'),(4,'Quentin Tarantino'),(5,'Ridley Scott'),(6,'James Cameron'),(7,'Woody Allen'),(8,'Alfred Hitchcock'),(9,'Francis Ford Coppola'),(10,'Peter Jackson');

INSERT INTO `type_discount` VALUES (1,'Giảm giá sinh nhật'),(2,'Giảm giá học sinh'),(3,'Giảm giá theo nhóm'),(4,'Giảm giá dịp lễ'),(5,'Giảm giá combo'),(6,'Giảm giá thành viên'),(7,'Giảm giá khuyến mãi'),(8,'Giảm giá tuần đầu tiên'),(9,'Giảm giá cho người cao tuổi'),(10,'Giảm giá cuối tuần');

INSERT INTO `discount`(`reduced_value`, `status`, `discountid`, `type_discountid`, `description`, `discount_code`, `image`, `name`) VALUES (10,_binary '',1,1,'Giảm giá 10% cho tất cả các vé','DISCOUNT10','https://i.pinimg.com/474x/e9/b0/67/e9b067266e0424fcfe0de7613bf2efec.jpg','Giảm giá 10%'),(20,_binary '',2,2,'Giảm giá 20% cho vé VIP','DISCOUNT20','https://i.pinimg.com/474x/e9/b0/67/e9b067266e0424fcfe0de7613bf2efec.jpg','Giảm giá 20%'),(15,_binary '',3,1,'Giảm giá 15% cho vé thường','DISCOUNT15','https://i.pinimg.com/474x/e9/b0/67/e9b067266e0424fcfe0de7613bf2efec.jpg','Giảm giá 15%'),(30,_binary '',4,3,'Giảm giá 30% cho nhóm từ 5 người','DISCOUNT30','https://i.pinimg.com/474x/e9/b0/67/e9b067266e0424fcfe0de7613bf2efec.jpg','Giảm giá 30%'),(5,_binary '',5,1,'Giảm giá 5% cho sinh viên','DISCOUNT05','https://i.pinimg.com/474x/e9/b0/67/e9b067266e0424fcfe0de7613bf2efec.jpg','Giảm giá 5%'),(25,_binary '',6,2,'Giảm giá 25% cho vé mùa','DISCOUNT25','https://i.pinimg.com/474x/e9/b0/67/e9b067266e0424fcfe0de7613bf2efec.jpg','Giảm giá 25%'),(40,_binary '',7,3,'Giảm giá 40% cho lễ hội','DISCOUNT40','https://i.pinimg.com/474x/e9/b0/67/e9b067266e0424fcfe0de7613bf2efec.jpg','Giảm giá 40%'),(50,_binary '',8,2,'Giảm giá 50% cho ngày đặc biệt','DISCOUNT50','https://i.pinimg.com/474x/e9/b0/67/e9b067266e0424fcfe0de7613bf2efec.jpg','Giảm giá 50%'),(12,_binary '',9,1,'Giảm giá 12% cho khách hàng thân thiết','DISCOUNT12','https://i.pinimg.com/474x/e9/b0/67/e9b067266e0424fcfe0de7613bf2efec.jpg','Giảm giá 12%'),(18,_binary '',10,3,'Giảm giá 18% cho vé cuối tuần','DISCOUNT18','https://i.pinimg.com/474x/e9/b0/67/e9b067266e0424fcfe0de7613bf2efec.jpg','Giảm giá 18%');

INSERT INTO `genre`(`status`, `genreid`, `description`, `name`) VALUES (_binary '',1,'Phim hành động với những pha gay cấn.','Hành Động'),(_binary '',2,'Phim hài với những tình huống vui nhộn.','Hài Hước'),(_binary '',3,'Phim kinh dị khiến bạn lạnh gáy.','Kinh Dị'),(_binary '',4,'Phim tình cảm với những mối quan hệ phức tạp.','Tình Cảm'),(_binary '',5,'Phim khoa học viễn tưởng về tương lai.','Khoa Học Viễn Tưởng'),(_binary '',6,'Phim phiêu lưu khám phá những vùng đất mới.','Phiêu Lưu'),(_binary '',7,'Phim hài kịch mang lại tiếng cười.','Hài Kịch'),(_binary '',8,'Phim hoạt hình dành cho trẻ em.','Hoạt Hình'),(_binary '',9,'Phim nhạc với những bài hát hấp dẫn.','Âm Nhạc'),(_binary '',10,'Phim thể thao về những cuộc thi và trận đấu.','Thể Thao');

INSERT INTO `language` VALUES (1,'Tiếng Anh'),(2,'Tiếng Việt'),(3,'Tiếng Pháp'),(4,'Tiếng Tây Ban Nha'),(5,'Tiếng Đức'),(6,'Tiếng Nhật'),(7,'Tiếng Hàn'),(8,'Tiếng Ý'),(9,'Tiếng Trung'),(10,'Tiếng Nga');

INSERT INTO `movie`(`duration`, `status`, `directorid`, `languageid`, `movieid`, `release_date`, `description`, `title`) VALUES (181,_binary '',1,1,1,'2024-04-26','Cuộc chiến cuối cùng của các Avengers chống lại Thanos.','Avengers: Endgame'),(142,_binary '',2,1,2,'2024-09-23','Một người đàn ông bị kết án oan tạo ra kế hoạch vượt ngục trong suốt 19 năm.','The Shawshank Redemption'),(175,_binary '',3,1,3,'2024-03-24','Câu chuyện về gia đình mafia Corleone và sự chuyển giao quyền lực.','The Godfather'),(148,_binary '',1,2,4,'2024-07-16','Một nhóm người thực hiện các vụ trộm ý tưởng từ giấc mơ.','Inception'),(152,_binary '',4,1,5,'2024-07-18','Batman chiến đấu với Joker để bảo vệ Gotham City.','The Dark Knight'),(154,_binary '',2,1,6,'2024-10-14','Câu chuyện về các tay gangster, những vụ giết người và sự ngẫu nhiên trong cuộc sống.','Pulp Fiction'),(142,_binary '',3,1,7,'2024-07-06','Một người đàn ông bình thường với một cuộc sống phi thường.','Forrest Gump'),(136,_binary '',1,1,8,'2024-03-31','Một hacker khám phá ra sự thật về thế giới ảo và cuộc chiến chống lại các máy móc.','The Matrix'),(201,_binary '',4,1,9,'2024-12-17','Cuộc chiến cuối cùng giữa các lực lượng của Middle-earth.','The Lord of the Rings: The Return of the King'),(169,_binary '',1,2,10,'2024-11-07','Một nhóm phi hành gia khám phá các lỗ sâu không gian để tìm kiếm một hành tinh mới cho nhân loại.','Interstellar'),(130,_binary '',3,1,11,'2024-12-25','Một nhóm phi hành gia khám phá các lỗ sâu không gian để tìm kiếm một hành tinh mới cho nhân loại.','Cuộc chiến sinh tử: Hòn đảo bí ẩn'),(146,_binary '',2,2,12,'2024-12-31','Sau khi nhận được cuộc gọi bất ngờ từ tổ tiên có khả năng chỉ đường, Moana lên đường đến vùng biển xa xôi của Châu Đại Dương và \nvào vùng nước nguy hiểm đã mất tích từ lâu để thực hiện một cuộc phiêu lưu không giống bất kỳ điều gì cô từng trải qua.','MOANA 2: Hành trình của Moana');

INSERT INTO `image`(`type`, `imageid`, `movieid`, `link`) VALUES (_binary '',1,1,'https://bom.so/LEYwG8'),(_binary '',2,2,'https://bom.so/Pz30tt'),(_binary '',3,3,'https://bom.so/7OqgRg'),(_binary '',4,4,'https://i.pinimg.com/474x/c3/98/29/c39829b4176947dc7e903c696f2ca990.jpg'),(_binary '',5,5,'https://i.pinimg.com/474x/83/81/3d/83813d55306da1bc0a8ec7044b923b2b.jpg'),(_binary '',6,6,'https://i.pinimg.com/474x/e4/05/0b/e4050b92335cde4a3b5ae340fc8c5ee3.jpg'),(_binary '',7,7,'https://upload.wikimedia.org/wikipedia/en/6/67/Forrest_Gump_poster.jpg'),(_binary '',8,8,'https://i.pinimg.com/474x/ed/45/16/ed4516338fa5df348c13a2a7ce1e7998.jpg'),(_binary '',9,9,'https://bom.so/Gad76O'),(_binary '',10,10,'https://bom.so/u6EG5u'),(_binary '',11,11,'https://bom.so/S4is4I'),(_binary '',12,12,'https://th.bing.com/th/id/R.fa0e5eca5cf389ef528a3461d4d4ec9b?rik=gI8ktIqcYIjLbQ&pid=ImgRaw&r=0');

INSERT INTO `movie_cast` VALUES (1,1),(2,1),(3,2),(4,3),(5,4),(6,5),(7,6),(8,7),(9,8),(10,9);

INSERT INTO `movie_genre` VALUES (1,1),(2,1),(3,2),(4,3),(5,4),(6,5),(7,6),(8,7),(9,8),(10,9);

INSERT INTO `rating`(`star`, `ratingid`, `description`) VALUES (5,1,'Phim xuất sắc, đáng xem!'),(4,2,'Phim rất hay nhưng có một số điểm cần cải thiện.'),(3,3,'Phim tạm, không có gì đặc biệt.'),(2,4,'Phim khá tệ, không thuyết phục.'),(1,5,'Phim rất tệ, không nên xem.'),(4,6,'Diễn xuất tốt, nhưng cốt truyện không hấp dẫn.'),(5,7,'Một trong những bộ phim hay nhất tôi từng xem!'),(3,8,'Cảnh quay đẹp nhưng nội dung không lôi cuốn.'),(2,9,'Nội dung yếu kém, diễn viên không truyền tải được cảm xúc.'),(4,10,'Một trải nghiệm xem phim khá tốt, có thể xem lại.');

INSERT INTO `feedback`(`feedbackid`, `movieid`, `ratingid`, `ticket_boughtid`, `date`, `text` ) VALUES (1,1,1,NULL,'2024-10-27','Great movie, loved the storyline!'),(2,1,2,NULL,'2024-10-27','Amazing visuals and sound effects.'),(3,2,5,NULL,'2024-10-27','The acting was superb, highly recommend!'),(4,2,3,NULL,'2024-10-27','Not what I expected, but still enjoyable.'),(5,3,4,NULL,'2024-10-27','The plot was a bit slow but picked up.'),(6,3,5,NULL,'2024-10-27','Loved the characters and their development.'),(7,4,3,NULL,'2024-10-27','Could have been better in terms of pacing.'),(8,4,5,NULL,'2024-10-27','A classic that everyone should watch!'),(9,5,2,NULL,'2024-10-27','Didn’t live up to the hype.'),(10,5,5,NULL,'2024-10-27','An unforgettable experience!');

INSERT INTO `showtime`(`end_time`, `start_time`, `status`, `date`, `movieid`,`roomid`, `showtimeid`) VALUES 
('12:00:00.000000','10:00:00.000000',_binary '','2024-10-28 00:00:00.000000',1,1,1),('15:00:00.000000','13:00:00.000000',_binary '','2024-10-28 00:00:00.000000',1,1,2),('18:00:00.000000','16:00:00.000000',_binary '','2024-10-28 00:00:00.000000',2,2,3),('13:00:00.000000','11:00:00.000000',_binary '','2024-10-29 00:00:00.000000',2,2,4),('16:00:00.000000','14:00:00.000000',_binary '','2024-10-29 00:00:00.000000',3,1,5),('19:00:00.000000','17:00:00.000000',_binary '','2024-10-29 00:00:00.000000',3,1,6),('12:00:00.000000','10:00:00.000000',_binary '','2024-10-30 00:00:00.000000',1,3,7),('15:00:00.000000','13:00:00.000000',_binary '','2024-10-30 00:00:00.000000',2,3,8),('18:00:00.000000','16:00:00.000000',_binary '','2024-10-30 00:00:00.000000',3,2,9),('21:00:00.000000','19:00:00.000000',_binary '','2024-10-30 00:00:00.000000',1,2,10);

INSERT INTO `slideshow` (`slideshowid`, `url`, `movieid`) VALUES (1,'https://th.bing.com/th/id/R.c2a8419f74568c036f7eed7ae536b101?rik=ZwUEt3cXSMLosQ&riu=http%3a%2f%2fwallpapercave.com%2fwp%2fwp1818196.jpg&ehk=Hu65%2f5cdvKqgcgJI6eWHRQblrCiKNjLXKOYMGNY6YJg%3d&risl=&pid=ImgRaw&r=0',10),(2,'https://image.tmdb.org/t/p/original/9I3n4G2ckZJq8XMotcUWqPLGnhI.jpg',9),(3,'https://tinhhoacongnghe.com/wp-content/uploads/2023/09/phim-Cuoc-Chien-Sinh-Ton.jpg',11),(4,'https://i.pinimg.com/564x/09/c8/57/09c8577191db9a53c5e1382d69d502b2.jpg',12);

INSERT INTO `trailer` (movieid, trailerid, description, link) VALUES (1,1,'Trailer for Inception - A thief who steals corporate secrets through the use of dream-sharing technology.','https://www.youtube.com/watch?v=YoHD9XEInc0'),(2,2,'Trailer for The Dark Knight - When the menace known as the Joker emerges from his mysterious past, he wreaks havoc and chaos on the people of Gotham.','https://www.youtube.com/watch?v=VZ1bY6xgSCo'),(3,3,'Trailer for Bohemian Rhapsody - A chronicle of the years leading up to Queen\'s legendary appearance at the Live Aid (1985) concert.','https://www.youtube.com/watch?v=fJ9rUzIMcZQ'),(4,4,'Trailer for Interstellar - A team of explorers travel through a wormhole in space in an attempt to ensure humanity\'s survival.','https://www.youtube.com/watch?v=5psZ9j1G5K0'),(5,5,'Trailer for The Matrix - A computer hacker learns from mysterious rebels about the true nature of his reality and his role in the war against its controllers.','https://www.youtube.com/watch?v=YbJOTdZBX1g'),(6,6,'Trailer for A Star Is Born - A musician helps a young singer find fame as age and alcoholism send his own career into a downward spiral.','https://www.youtube.com/watch?v=2Vv-BfVoq4g'),(7,7,'Trailer for Joker - In Gotham City, mentally troubled comedian Arthur Fleck is disregarded and mistreated by society.','https://www.youtube.com/watch?v=W6uSMXROcGk'),(8,8,'Trailer for Avengers: Endgame - After the devastating events of Avengers: Infinity War (2018), the universe is in ruins.','https://www.youtube.com/watch?v=0KSOMA3QBU0'),(9,9,'Trailer for Spider-Man: Into the Spider-Verse - Teen Miles Morales becomes the Spider-Man of his universe and must join forces with five spider-powered individuals from other dimensions to stop a threat.','https://www.youtube.com/watch?v=4fIxw0zMByA'),(10,10,'Trailer for Parasite - Greed and class discrimination threaten the newly formed symbiotic relationship between the wealthy Park family and the destitute Kim clan.','https://www.youtube.com/watch?v=E-50wD3bU5s');

UPDATE `cinemasystem`.`trailer` SET `link` = 'https://www.youtube.com/embed/YoHD9XEInc0' WHERE (`trailerid` = '1');
UPDATE `cinemasystem`.`trailer` SET `link` = 'https://www.youtube.com/embed/VZ1bY6xgSCo' WHERE (`trailerid` = '2');
UPDATE `cinemasystem`.`trailer` SET `link` = 'https://www.youtube.com/embed/fJ9rUzIMcZQ' WHERE (`trailerid` = '3');
UPDATE `cinemasystem`.`trailer` SET `link` = 'https://www.youtube.com/embed/5psZ9j1G5K0' WHERE (`trailerid` = '4');
UPDATE `cinemasystem`.`trailer` SET `link` = 'https://www.youtube.com/embed/YbJOTdZBX1g' WHERE (`trailerid` = '5');
UPDATE `cinemasystem`.`trailer` SET `link` = 'https://www.youtube.com/embed/2Vv-BfVoq4g' WHERE (`trailerid` = '6');
UPDATE `cinemasystem`.`trailer` SET `link` = 'https://www.youtube.com/embed/W6uSMXROcGk' WHERE (`trailerid` = '7');
UPDATE `cinemasystem`.`trailer` SET `link` = 'https://www.youtube.com/embed/0KSOMA3QBU0' WHERE (`trailerid` = '8');
UPDATE `cinemasystem`.`trailer` SET `link` = 'https://www.youtube.com/embed/4fIxw0zMByA' WHERE (`trailerid` = '9');
UPDATE `cinemasystem`.`trailer` SET `link` = 'https://www.youtube.com/embed/E-50wD3bU5s' WHERE (`trailerid` = '10');

